{
  "n_samples": 4874,
  "n_train": 3315,
  "n_val": 584,
  "n_test": 975,
  "accuracy_cls": 0.961025641025641,
  "mae_reg": 0.28971984979185106,
  "r2_reg": 0.9631668546534256,
  "feature_names": [
    "ear",
    "abs_gaze",
    "abs_yaw",
    "blink_rate",
    "yawn_detected",
    "gaze_x_yaw",
    "low_blink_flag",
    "low_ear_flag"
  ],
  "label_map": {
    "low": 0,
    "medium": 1,
    "high": 2
  },
  "classes": [
    "low",
    "medium",
    "high"
  ],
  "scaler_mean": [
    0.23114539969834066,
    20.44927300150823,
    14.678358974358973,
    16.760470588235325,
    0.12217194570135746,
    3.723863882654597,
    0.12368024132730016,
    0.09019607843137255
  ],
  "scaler_std": [
    0.1103239043491283,
    16.532352317061637,
    12.01597212900279,
    12.195107889342575,
    0.32748430181396976,
    5.158923201050264,
    0.32921641182792005,
    0.28646247851371365
  ]
}